session,patient,score,gender,symptomatic,age
1,1,0.19476428956704928,F,1,9
1,1,0.2259217809723988,M,0,10
1,1,0.1707080471478586,M,0,8
1,0,0.2276642978165535,F,0,9
1,0,0.4356986841038991,M,0,7
1,0,0.31110228665041284,F,0,10
